<export><workspace name="Fundamentals - Search"><query name="Word Query" focus="" active="true" mode="xquery">(: 
Run this query against your "fundamentals" database.
This query shows the basic use of the low level cts API.
The core of this API is the cts:search() function.
You tell the function two key things:
  1.  What do you want to search?  
        You can search the whole database, or use collections or XPath to constrain your search.
  2.  What do you want to search for?
        Define a query using a whole host of cts query constructors.  Can be as simple or complex as needed.
        
This example will search all collections (in other words the entire database) for any documents containing the 
word "grouper" regardless of case.  The word can be found anywhere in the document, in any element or attribute, and
satisfy this query.

We have decided to simply return the name of the dive site.  The query itself does not say that the word "grouper" must be
found in the dive site name.  If "grouper" is found anywhere in the document, that document is a match.  But we are choosing
to return only the dive site name of a matching document.
:)

xquery version "1.0-ml";

let $query := cts:search(fn:collection(), cts:word-query("grouper", "case-insensitive"))
return $query//site/string()</query><query name="Element Word Query" focus="" active="true" mode="xquery">(:  
This example will search all collections (in other words the entire database) for any documents containing the 
word "grouper" in the &lt;SITE&gt; element only.

Compare / contrast this query and its results with the simple word query we looked at earlier.
:)

xquery version "1.0-ml";

let $query := cts:search(fn:collection(), cts:element-word-query(xs:QName("site"), "grouper", "case-insensitive"))
return $query//site/string()
</query><query name="Grammar" focus="" active="true" mode="xquery">(:  
This example will search only documents in the "scuba" collection and will implement search grammar using CTS.

The goal is to find any dives that were located in the country of Thailand AND where a shark was spotted.
:)

xquery version "1.0-ml";

let $query := cts:search(fn:collection("scuba"), 
                         cts:and-query((cts:element-value-query(xs:QName("country"), "thailand", "case-insensitive"),
                                       cts:word-query("shark", "case-insensitive")))
                        )
return $query//site/string()
</query><query name="Geospatial" focus="" active="true" mode="xquery">(: 
This example will search the entire database for documents that fall within 
a 200 mile radius of Miami, FL AND where a shark was seen.
:)

xquery version "1.0-ml";

let $query :=
cts:search
  (
    fn:collection(),
    cts:and-query
    ((
      cts:element-pair-geospatial-query
        (
          xs:QName("geo"),
          xs:QName("lat"),
          xs:QName("lon"),
          cts:circle(200, cts:point(25.788969,-80.226439))
        ),
      cts:element-word-query
        (
          xs:QName("animal"),
          "shark",
          "case-insensitive"
        )
     ))
  )
for $dive in $query/dive
let $country := $dive//country/string()
let $city := $dive//city/string()
let $state := $dive//state/string()
let $site := $dive//site/string()

return
      &lt;table border="1"&gt;
        &lt;tr&gt;
          &lt;td colspan="2" align="center" bgcolor="#E7E7E7"&gt;&lt;b&gt;Dive Summary:&lt;/b&gt;&lt;/td&gt;
        &lt;/tr&gt;
        &lt;tr&gt;
          &lt;td&gt;Country: &lt;/td&gt;&lt;td&gt;{$country}&lt;/td&gt;
        &lt;/tr&gt;
        &lt;tr&gt;
          &lt;td&gt;City: &lt;/td&gt;&lt;td&gt;{$city}&lt;/td&gt;
        &lt;/tr&gt;
        &lt;tr&gt;
          &lt;td&gt;State: &lt;/td&gt;&lt;td&gt;{$state}&lt;/td&gt;
        &lt;/tr&gt;
        &lt;tr&gt;
          &lt;td&gt;Site: &lt;/td&gt;&lt;td&gt;{$site}&lt;/td&gt;
        &lt;/tr&gt;
      &lt;/table&gt;</query><query name="Search API 1" focus="" active="true" mode="xquery">(:
The Search API enables developers to easily implement a google like search UI
and build powerful queries without writing as much code.

In this example, you see how the search API understands grammar, enabling a developer to simply
pass it a string query and get a response.  We simply return the default search API response.
:)

xquery version "1.0-ml";

import module namespace search = "http://marklogic.com/appservices/search" at "/MarkLogic/appservices/search/search.xqy";

let $query := search:search("(shark AND thailand) OR (stingray -mexico)")
return $query</query><query name="Search API 2" focus="" active="true" mode="xquery">(:
In this example, we work with the response data that the search API returns 
in order to simply display the dive site name to the user.
:)

xquery version "1.0-ml";

import module namespace search = "http://marklogic.com/appservices/search" at "/MarkLogic/appservices/search/search.xqy";

let $query := search:search("(shark AND thailand) OR (stingray -mexico)")
return fn:doc($query//@uri)//site/string()</query><query name="Search API 3" focus="" active="true" mode="xquery">(:
In this example, we use a constraint.
Constraints allow us to control the search API logic,
for example to isolate the area of the document being searched,
and become a part of the search grammar.
:)

xquery version "1.0-ml";

import module namespace search = "http://marklogic.com/appservices/search" at "/MarkLogic/appservices/search/search.xqy";

let $search-options := &lt;options xmlns="http://marklogic.com/appservices/search"&gt;
                         &lt;constraint name="animal"&gt;
                           &lt;element-query name="animal" ns=""/&gt;
                         &lt;/constraint&gt;
                         &lt;constraint name="country"&gt;
                           &lt;value&gt;
                             &lt;element name="country" ns=""/&gt;
                           &lt;/value&gt;
                         &lt;/constraint&gt;
                        &lt;/options&gt;
                        
let $query := search:search("animal:shark AND country:Thailand", $search-options)
return fn:doc($query//@uri)//site/string()</query></workspace></export>
