<?xml version="1.0" encoding="UTF-8"?>
<dive>
  <overview>
    <date>1999-12-01</date>
    <buddy favorite="Y">Sally Wythe</buddy>
  </overview>
  <location>
    <site>RMS Rhone Anchor</site>
    <country>British Virgin Islands</country>
    <city>Tortola</city>
    <state/>
    <geo>
      <lat>18.4334704</lat>
      <lon>-64.6332782</lon>
    </geo>
  </location>
  <dive-details>
    <dive-time>35</dive-time>
    <depth-max>90</depth-max>
    <pressure-start>3000</pressure-start>
    <pressure-end>500</pressure-end>
  </dive-details>
  <marine-life>
    <animal>Stingray</animal>
    <animal>Green Sea Turtle</animal>
  </marine-life>
</dive>