<?xml version="1.0" encoding="UTF-8"?>
<dive>
  <overview>
    <date>2003-02-02</date>
    <buddy favorite="Y">Emily Gilligan</buddy>
  </overview>
  <location>
    <site>Blue Hole</site>
    <country>Belize</country>
    <city>Ambergris Caye</city>
    <state/>
    <geo>
      <lat>18.0015920</lat>
      <lon>-87.9432837</lon>
    </geo>
  </location>
  <dive-details>
    <dive-time>30</dive-time>
    <depth-max>145</depth-max>
    <pressure-start>3300</pressure-start>
    <pressure-end>500</pressure-end>
  </dive-details>
  <marine-life>
    <animal>Black Tip Reef Sharks</animal>    
  </marine-life>
</dive>