<?xml version="1.0" encoding="UTF-8"?>
<dive>
  <overview>
    <date>1997-05-05</date>
    <buddy favorite="Y">Joe Smith</buddy>
  </overview>
  <location>
    <site>Theo's Wreck</site>
    <country>Bahamas</country>
    <city>Freeport</city>
    <state/>
    <geo>
      <lat>26.5284722</lat>
      <lon>-78.6965833</lon>
    </geo>
  </location>
  <dive-details>
    <dive-time>40</dive-time>
    <depth-max>70</depth-max>
    <pressure-start>3000</pressure-start>
    <pressure-end>800</pressure-end>
  </dive-details>
  <marine-life>
    <animal>Green Moray Eel</animal>
    <animal>Nassau Grouper</animal>
    <animal>Caribbean Reef Shark</animal>    
  </marine-life>
</dive>