<?xml version="1.0" encoding="UTF-8"?>
<dive>
  <overview>
    <date>1998-11-24</date>
    <buddy favorite="Y">Ray Feldman</buddy>
  </overview>
  <location>
    <site>Palancar Wall</site>
    <country>Mexico</country>
    <city>Cozumel</city>
    <state/>
    <geo>
      <lat>20.4310062</lat>
      <lon>-86.9080654</lon>
    </geo>
  </location>
  <dive-details>
    <dive-time>30</dive-time>
    <depth-max>110</depth-max>    
    <pressure-start>3000</pressure-start>
    <pressure-end>700</pressure-end>
  </dive-details>
  <marine-life>
    <animal>Nassau Grouper</animal>
    <animal>Green Sea Turtle</animal>    
  </marine-life>
</dive>