<?xml version="1.0" encoding="UTF-8"?>
<dive>
  <overview>
    <date>1997-05-05</date>
    <buddy favorite="Y">Joe Smith</buddy>    
  </overview>
  <location>
    <site>Coral Wall</site>
    <country>Bahamas</country>
    <city>Freeport</city>
    <state/>
    <geo>
      <lat>26.5284722</lat>
      <lon>-78.6965833</lon>
    </geo>
  </location>
  <dive-details>
    <dive-time>45</dive-time>    
    <depth-max>60</depth-max>
    <pressure-start>3200</pressure-start>
    <pressure-end>1000</pressure-end>
  </dive-details>
  <marine-life>
    <animal>Caribbean Spiny Lobster</animal>
    <animal>Parrotfish</animal>
    <animal>Stingray</animal>    
  </marine-life>
</dive>