<?xml version="1.0" encoding="UTF-8"?>
<dive>
  <overview>
    <date>2012-06-24</date>
    <buddy favorite="Y">Karen Katz</buddy>
  </overview>
  <location>
    <site>Indra Wreck</site>
    <country>United States</country>
    <city>Morehead City</city>
    <state>NC</state>
    <geo>
      <lat>34.7229391</lat>
      <lon>-76.7260436</lon>
    </geo>
  </location>
  <dive-details>
    <dive-time>35</dive-time>    
    <depth-max>75</depth-max>
    <pressure-start>3000</pressure-start>
    <pressure-end>1200</pressure-end>
  </dive-details>
  <marine-life>
    <animal>Atlantic Spadefish</animal>    
  </marine-life>
</dive>