<?xml version="1.0" encoding="UTF-8"?>
<dive>
  <overview>
    <date>2005-08-15</date>
    <buddy favorite="Y">Dave Werner</buddy>    
  </overview>
  <location>
    <site>La Jolla Shores</site>
    <country>United States</country>
    <city>San Diego</city>
    <state>CA</state>
    <geo>
      <lat>32.7153292</lat>
      <lon>-117.1572551</lon>
    </geo>
  </location>
  <dive-details>
    <dive-time>40</dive-time>    
    <depth-max>80</depth-max>
    <pressure-start>3100</pressure-start>
    <pressure-end>600</pressure-end>
  </dive-details>
  <marine-life>
    <animal>Leopard Sharks</animal>
    <animal>Octopus</animal>    
  </marine-life>
</dive>