<?xml version="1.0" encoding="UTF-8"?>
<dive>
  <overview>
    <date>1998-11-24</date>
    <buddy favorite="Y">Ray Feldman</buddy>    
  </overview>
  <location>
    <site>Palancar Caves</site>
    <country>Mexico</country>
    <city>Cozumel</city>
    <state/>
    <geo>
      <lat>20.4310062</lat>
      <lon>-86.9080654</lon>
    </geo>
  </location>
  <dive-details>
    <dive-time>45</dive-time>    
    <depth-max>50</depth-max>
    <pressure-start>3000</pressure-start>
    <pressure-end>1000</pressure-end>
  </dive-details>
  <marine-life>
    <animal>Green Moray Eel</animal>
    <animal>Scorpionfish</animal>
    <animal>Flamingo Tongue Snail</animal>    
  </marine-life>
</dive>