<?xml version="1.0" encoding="UTF-8"?>
<dive>
  <overview>
    <date>2004-04-08</date>
    <buddy favorite="Y">Janika Knight</buddy>    
  </overview>
  <location>
    <site>Andaman Pinnacle</site>
    <country>Thailand</country>
    <city>Phuket</city>
    <state/>
    <geo>
      <lat>7.9810496</lat>
      <lon>98.3638824</lon>
    </geo>
  </location>
  <dive-details>
    <dive-time>60</dive-time>    
    <depth-max>45</depth-max>
    <pressure-start>3100</pressure-start>
    <pressure-end>900</pressure-end>
  </dive-details>
  <marine-life>
    <animal>Barracuda</animal>    
  </marine-life>
</dive>