<?xml version="1.0" encoding="UTF-8"?>
<dive>
  <overview>
    <date>2002-10-22</date>
    <buddy favorite="Y">Ryan VanVleet</buddy>
  </overview>
  <location>
    <site>Spiegel Grove</site>
    <country>United States</country>
    <city>Key Largo</city>
    <state>FL</state>
    <geo>
      <lat>25.0865151</lat>
      <lon>-80.4472802</lon>
    </geo>
  </location>
  <dive-details>
    <dive-time>30</dive-time>
    <depth-max>115</depth-max>
    <pressure-start>3300</pressure-start>
    <pressure-end>1000</pressure-end>
  </dive-details>
  <marine-life>
    <animal>Green Moray Eel</animal>
    <animal>Yellow Spotted Moray Eel</animal>
  </marine-life>
</dive>