<?xml version="1.0" encoding="UTF-8"?>
<dive>
  <overview>
    <date>1999-12-02</date>
    <buddy favorite="Y">Johnny Jones</buddy>    
  </overview>
  <location>
    <site>Virgin Gorda Baths</site>
    <country>British Virgin Islands</country>
    <city>Tortola</city>
    <state/>
    <geo>
      <lat>18.4334704</lat>
      <lon>-64.6332782</lon>
    </geo>
  </location>
  <dive-details>
    <dive-time>60</dive-time>    
    <depth-max>40</depth-max>
    <pressure-start>3000</pressure-start>
    <pressure-end>1000</pressure-end>
  </dive-details>
  <marine-life>
    <animal>Sea Cucumber</animal>
    <animal>Stingray</animal>
    <animal>Batfish</animal>  
  </marine-life>
</dive>