<?xml version="1.0" encoding="UTF-8"?>
<dive>
  <overview>
    <date>2007-07-10</date>
    <buddy favorite="Y">Cory Froesh</buddy>    
  </overview>
  <location>
    <site>Sabang Rocks</site>
    <country>Philippines</country>
    <city>Sabang Beach</city>
    <state/>
    <geo>
      <lat>15.7637164</lat>
      <lon>121.5674114</lon>
    </geo>
  </location>
  <dive-details>
    <dive-time>60</dive-time>    
    <depth-max>45</depth-max>
    <pressure-start>3200</pressure-start>
    <pressure-end>1000</pressure-end>
  </dive-details>
  <marine-life>
    <animal>Nudibranchs</animal>    
  </marine-life>
</dive>