<?xml version="1.0" encoding="UTF-8"?>
<dive>
  <overview>
    <date>2010-02-10</date>
    <buddy favorite="Y">Mollie Jetson</buddy>    
  </overview>
  <location>
    <site>Georgia Aquarium - Ocean Voyager</site>
    <country>United States</country>
    <city>Atlanta</city>
    <state>GA</state>
    <geo>
      <lat>33.7489954</lat>
      <lon>-84.3879824</lon>
    </geo>
  </location>
  <dive-details>
    <dive-time>60</dive-time>    
    <depth-max>30</depth-max>
    <pressure-start>3200</pressure-start>
    <pressure-end>1000</pressure-end>
  </dive-details>
  <marine-life>
    <animal>Hammerhead Shark</animal>
    <animal>Whale Shark</animal>
    <animal>Sand Tiger Shark</animal>
    <animal>Black Tip Reef Shark</animal>
    <animal>Manta Ray</animal>
    <animal>Potato Grouper</animal>
    <animal>Sawfish</animal>
    <animal>Wobbegong Shark</animal>    
  </marine-life>
</dive>