<?xml version="1.0" encoding="UTF-8"?>
<dive>
  <overview>
    <date>2001-09-27</date>
    <buddy favorite="Y">Derik Ellis</buddy>    
  </overview>
  <location>
    <site>Captain Tony's Wreck</site>
    <country>United States</country>
    <city>Boynton Beach</city>
    <state>FL</state>
    <geo>
      <lat>26.5253491</lat>
      <lon>-80.0664309</lon>
    </geo>
  </location>
  <dive-details>
    <dive-time>35</dive-time>    
    <depth-max>85</depth-max>
    <pressure-start>3300</pressure-start>
    <pressure-end>700</pressure-end>
  </dive-details>
  <marine-life>
    <animal>Goliath Grouper</animal>    
  </marine-life>
</dive>