<?xml version="1.0" encoding="UTF-8"?>
<dive>
  <overview>
    <date>2009-02-10</date>
    <buddy favorite="Y">Chase Smith</buddy>    
  </overview>
  <location>
    <site>Mahala Caverns</site>
    <country>United States</country>
    <city>Waikiki</city>
    <state>HI</state>
    <geo>
      <lat>21.2837771</lat>
      <lon>-157.8361137</lon>
    </geo>
  </location>
  <dive-details>
    <dive-time>40</dive-time>    
    <depth-max>80</depth-max>
    <pressure-start>3200</pressure-start>
    <pressure-end>1000</pressure-end>
  </dive-details>
  <marine-life>
    <animal>Green Sea Turtles</animal>    
  </marine-life>
</dive>