<?xml version="1.0" encoding="UTF-8"?>
<dive>
  <overview>
    <date>2009-02-10</date>
    <buddy favorite="Y">Amy Squiggles</buddy>    
  </overview>
  <location>
    <site>La Paz Bay</site>
    <country>Mexico</country>
    <city>La Paz</city>
    <state/>
    <geo>
      <lat>19.3658300</lat>
      <lon>-98.9521357</lon>
    </geo>
  </location>
  <dive-details>
    <dive-time>60</dive-time>    
    <depth-max>20</depth-max>
    <pressure-start>3200</pressure-start>
    <pressure-end>2500</pressure-end>
  </dive-details>
  <marine-life>
    <animal>Whale Shark</animal>
    <animal>Dolphins</animal>    
  </marine-life>
</dive>