<?xml version="1.0" encoding="UTF-8"?>
<dive>
  <overview>
    <date>2002-10-23</date>
    <buddy favorite="Y">Ryan VanVleet</buddy>    
  </overview>
  <location>
    <site>USS Vandenberg</site>
    <country>United States</country>
    <city>Key West</city>
    <state>FL</state>
    <geo>
      <lat>24.5557025</lat>
      <lon>-81.7825914</lon>
    </geo>
  </location>
  <dive-details>
    <dive-time>30</dive-time>    
    <depth-max>120</depth-max>
    <pressure-start>3300</pressure-start>
    <pressure-end>800</pressure-end>
  </dive-details>
  <marine-life>
    <animal>Nurse Shark</animal>
    <animal>Lobster</animal>    
  </marine-life>
</dive>