<?xml version="1.0" encoding="UTF-8"?>
<dive>
  <overview>
    <date>2008-02-11</date>
    <buddy favorite="Y">Adam Daniels</buddy>    
  </overview>
  <location>
    <site>Keyhole</site>
    <country>Mexico</country>
    <city>Los Cabos</city>
    <state/>
    <geo>
      <lat>22.8905327</lat>
      <lon>-109.9167371</lon>
    </geo>
  </location>
  <dive-details>
    <dive-time>45</dive-time>    
    <depth-max>50</depth-max>
    <pressure-start>3200</pressure-start>
    <pressure-end>1200</pressure-end>
  </dive-details>
  <marine-life>
    <animal>Stingray</animal>    
  </marine-life>
</dive>