<?xml version="1.0" encoding="UTF-8"?>
<dive>
  <overview>
    <date>2004-04-06</date>
    <buddy favorite="Y">Jochen Kriln</buddy>
  </overview>
  <location>
    <site>Maya Bay Corner</site>
    <country>Thailand</country>
    <city>Koh Phi Phi</city>
    <state/>
    <geo>
      <lat>7.7461158</lat>
      <lon>98.7784100</lon>
    </geo>
  </location>
  <dive-details>
    <dive-time>45</dive-time>    
    <depth-max>60</depth-max>
    <pressure-start>3000</pressure-start>
    <pressure-end>800</pressure-end>
  </dive-details>
  <marine-life>
    <animal>Barracuda</animal>
    <animal>White Tip Reef Shark</animal>    
  </marine-life>
</dive>