<?xml version="1.0" encoding="UTF-8"?>
<dive>
  <overview>
    <date>1999-12-01</date>
    <buddy favorite="Y">Sally Wythe</buddy>    
  </overview>
  <location>
    <site>RMS Rhone Bow</site>
    <country>British Virgin Islands</country>
    <city>Tortola</city>
    <state/>
    <geo>
      <lat>18.4334704</lat>
      <lon>-64.6332782</lon>
    </geo>
  </location>
  <dive-details>
    <dive-time>40</dive-time>    
    <depth-max>60</depth-max>
    <pressure-start>3000</pressure-start>
    <pressure-end>1000</pressure-end>
  </dive-details>
  <marine-life>
    <animal>Nudibranch</animal>    
  </marine-life>
</dive>