<?xml version="1.0" encoding="UTF-8"?>
<dive>
  <overview>
    <date>2001-09-26</date>
    <buddy favorite="Y">Dave Oakes</buddy>
  </overview>
  <location>
    <site>Grouper Hole</site>
    <country>United States</country>
    <city>Boynton Beach</city>
    <state>FL</state>
    <geo>
      <lat>26.5253491</lat>
      <lon>-80.0664309</lon>
    </geo>
  </location>
  <dive-details>
    <dive-time>45</dive-time>    
    <depth-max>70</depth-max>
    <pressure-start>3200</pressure-start>
    <pressure-end>800</pressure-end>
  </dive-details>
  <marine-life>
    <animal>Green Moray Eel</animal>
    <animal>Lionfish</animal>    
  </marine-life>
</dive>