<?xml version="1.0" encoding="UTF-8"?>
<dive>
  <overview>
    <date>2006-12-31</date>
    <buddy favorite="Y">Joe Jones</buddy>    
  </overview>
  <location>
    <site>Catalina</site>
    <country>Costa Rica</country>
    <city>Tamarindo</city>
    <state/>
    <geo>
      <lat>10.2990800</lat>
      <lon>-85.8421100</lon>
    </geo>
  </location>
  <dive-details>
    <dive-time>40</dive-time>
    <depth-max>80</depth-max>    
    <pressure-start>3200</pressure-start>
    <pressure-end>1000</pressure-end>
  </dive-details>
  <marine-life>
    <animal>Manta Ray</animal>    
  </marine-life>
</dive>