<?xml version="1.0" encoding="UTF-8"?>
<dive>
  <overview>
    <date>2012-05-10</date>
    <buddy favorite="Y">Roger Wyatt</buddy>    
  </overview>
  <location>
    <site>Archies Reef</site>
    <country>Bahamas</country>
    <city>Andros Island</city>
    <state/>
    <geo>
      <lat>24.7063805</lat>
      <lon>-78.0195387</lon>
    </geo>
  </location>
  <dive-details>
    <dive-time>45</dive-time>    
    <depth-max>60</depth-max>
    <pressure-start>3200</pressure-start>
    <pressure-end>1200</pressure-end>
  </dive-details>
  <marine-life>
    <animal>Nurse Shark</animal>    
  </marine-life>
</dive>