<?xml version="1.0" encoding="UTF-8"?>
<dive>
  <overview>
    <date>2001-09-25</date>
    <buddy favorite="Y">Dave Oakes</buddy>    
  </overview>
  <location>
    <site>Hole in the Wall</site>
    <country>United States</country>
    <city>Jupiter</city>
    <state>FL</state>
    <geo>
      <lat>26.9342246</lat>
      <lon>-80.0942087</lon>
    </geo>
  </location>
  <dive-details>
    <dive-time>30</dive-time>    
    <depth-max>135</depth-max>
    <pressure-start>3200</pressure-start>
    <pressure-end>700</pressure-end>
  </dive-details>
  <marine-life>
    <animal>Bull Shark</animal>
  </marine-life>
</dive>