<?xml version="1.0" encoding="UTF-8"?>
<dive>
  <overview>
    <date>2003-02-02</date>
    <buddy favorite="Y">Emily Gilligan</buddy>    
  </overview>
  <location>
    <site>Aquarium</site>
    <country>Belize</country>
    <city>Ambergris Caye</city>
    <state/>
    <geo>
      <lat>18.0015920</lat>
      <lon>-87.9432837</lon>
    </geo>
  </location>
  <dive-details>
    <dive-time>6030</dive-time>    
    <depth-max>45</depth-max>
    <pressure-start>3000</pressure-start>
    <pressure-end>800</pressure-end>
  </dive-details>
  <marine-life>
    <animal>Angelfish</animal>
    <animal>Damselfish</animal>    
  </marine-life>
</dive>