<?xml version="1.0" encoding="UTF-8"?>
<dive>
  <overview>
    <date>1997-05-06</date>
	<buddy favorite="Y">Kari Jones</buddy>
  </overview>
  <location>
    <site>Sand Flats</site>
    <country>Bahamas</country>
    <city>Freeport</city>
    <state/>
    <geo>
      <lat>26.5284722</lat>
      <lon>-78.6965833</lon>
    </geo>
  </location>
  <dive-details>
    <dive-time>45</dive-time>
    <depth-max>50</depth-max>
    <pressure-start>3000</pressure-start>
    <pressure-end>1000</pressure-end>
  </dive-details>
  <marine-life>
    <animal>Dolphins</animal>    
  </marine-life>
</dive>