<?xml version="1.0" encoding="UTF-8"?>
<dive>
  <overview>
    <date>2000-07-04</date>
    <buddy favorite="Y">Ray Smith</buddy>    
  </overview>
  <location>
    <site>Schoolhouse</site>
    <country>United States</country>
    <city>Dale Hollow Lake</city>
    <state>TN</state>
    <geo>
      <lat>36.5892445</lat>
      <lon>-85.2851801</lon>
    </geo>
  </location>
  <dive-details>
    <dive-time>30</dive-time>    
    <depth-max>20</depth-max>
    <pressure-start>3000</pressure-start>
    <pressure-end>2000</pressure-end>
  </dive-details>
  <marine-life>
    <animal>Catfish</animal>
    <animal>Crappie</animal>
    <animal>Bass</animal>    
  </marine-life>
</dive>